{"A": 0.0785383843188966, "B": 0.015286315178482817, "C": 0.02606413399902547, "D": 0.04228709338590146, "E": 0.12372880388783007, "F": 0.02336247433844063, "G": 0.020471716197996655, "H": 0.05995501651975299, "I": 0.06810225012745007, "J": 0.0015922409816710268, "K": 0.007709735711399605, "L": 0.039829788254485236, "M": 0.024885338280423077, "N": 0.06842952484564782, "O": 0.07568150210933648, "P": 0.018060530004468157, "Q": 0.0009631165509708524, "R": 0.059968487438963734, "S": 0.061265054384231646, "T": 0.09071584247995505, "U": 0.027973465250590156, "V": 0.009449398388025746, "W": 0.02215532829388533, "X": 0.013777644457009276, "Y": 0.019108191922389016, "Z": 0.0006384782325113881}