{"AA": 0.00015796732243329918, "BA": 0.001147845315248639, "CA": 0.0032013121616672395, "DA": 0.00423474493062674, "EA": 0.010020812754514195, "FA": 0.0023675235075708567, "GA": 0.0021861175037797133, "HA": 0.009850277387223376, "IA": 0.0015597738199752533, "JA": 0.00020231663014891218, "KA": 0.0005267744318729085, "LA": 0.004249371534555749, "MA": 0.004757438359428098, "NA": 0.00398024202226198, "OA": 0.001271647780109487, "PA": 0.0023238965012838367, "QA": 7.22301428593046e-07, "RA": 0.005709395527242303, "SA": 0.005995065742250853, "TA": 0.0055468415907374375, "UA": 0.0008201732721674037, "VA": 0.0007316191170218963, "WA": 0.004655774433353626, "XA": 0.0011907861351784957, "YA": 0.001730128611908923, "ZA": 0.00011982980700358633, "AB": 0.0018455162651266623, "BB": 0.00011791570821781477, "CB": 1.9646598857730852e-05, "DB": 0.001631245546334535, "EB": 0.0022362091078526407, "FB": 0.00023189487364979743, "GB": 0.00025338334115044056, "HB": 0.0002341701231498655, "IB": 0.0006849945598062152, "JB": 1.444602857186092e-07, "KB": 9.285184864563606e-05, "LB": 0.0003840476695829226, "MB": 0.0007351222789505725, "NB": 0.0009666560018860735, "OB": 0.0011521430087487678, "PB": 5.395591671590054e-05, "QB": 1.805753571482615e-07, "RB": 0.0006820331239489837, "SB": 0.0010900612009611954, "TB": 0.0009098831095986601, "UB": 0.0005627811580882718, "VB": 5.056110000151322e-07, "WB": 0.00011127053507475874, "XB": 0.0006303163416617216, "YB": 0.0006578721411625463, "ZB": 1.5168330000453966e-06, "AC": 0.0034803372035327328, "BC": 5.561721000166454e-06, "CC": 0.0005633589992311462, "DC": 0.0007946760317380692, "EC": 0.005130182011653539, "FC": 0.0003666040900824005, "GC": 0.00020220828493462323, "HC": 0.00021690711900649172, "IC": 0.003943657454903742, "JC": 0.0, "KC": 6.778798907345737e-05, "LC": 0.0003518691409391024, "MC": 0.00012369411964655914, "NC": 0.0030191838564475027, "OC": 0.001234702062036953, "PC": 2.6002851429349658e-05, "QC": 7.22301428593046e-08, "RC": 0.0012906443076814843, "SC": 0.0018419769881265562, "TC": 0.0009733011750291295, "UC": 0.0012041487116074671, "VC": 7.22301428593046e-07, "WC": 9.216566228847268e-05, "XC": 0.0005388007506589827, "YC": 0.0005928288975177425, "ZC": 2.744745428653575e-06, "AD": 0.004124810653194878, "BD": 1.9899404357738418e-05, "CD": 5.554497985880524e-05, "DD": 0.0011431864710342138, "ED": 0.011567621263846202, "FD": 0.00019671879407731608, "GD": 0.00019823562707736147, "HD": 0.0001537779741474595, "ID": 0.002775696044868787, "JD": 3.61150714296523e-07, "KD": 4.0412764929780926e-05, "LD": 0.0027582163502968353, "MD": 8.4653727431105e-05, "ND": 0.012486822061873713, "OD": 0.0017140574051227278, "PD": 2.3113645714977473e-05, "QD": 3.61150714296523e-08, "RD": 0.002105942045205885, "SD": 0.0006240684343043918, "TD": 0.0005756020084457984, "UD": 0.0007304273196647178, "VD": 7.584165000226983e-06, "WD": 0.000139079140075591, "XD": 0.00024720766393597, "YD": 0.0005116061018724545, "ZD": 2.419709785786704e-06, "AE": 8.63872508597283e-05, "BE": 0.004923639918147357, "CE": 0.004421604310203761, "DE": 0.005574180699809685, "EE": 0.004768236765785564, "FE": 0.0020214327780604985, "GE": 0.0028289657752275242, "HE": 0.028112260521412788, "IE": 0.0026383504282218194, "JE": 0.0005741574055886123, "KE": 0.0024297497756441476, "LE": 0.00674947346934486, "ME": 0.0063592862376188955, "NE": 0.006201571720685604, "OE": 0.0005408593097304729, "PE": 0.0031842658479524434, "QE": 1.444602857186092e-07, "RE": 0.013787759164912648, "SE": 0.007117522162284446, "TE": 0.008561005452256219, "UE": 0.0008147560114529559, "VE": 0.006485797332836968, "WE": 0.0034734392248896694, "XE": 0.0004377868958702452, "YE": 0.0013615020778264622, "ZE": 0.0002746912332939354, "AF": 0.0010713897090320651, "BF": 5.850641571603672e-06, "CF": 2.0982856500627986e-05, "DF": 0.0010790461041751515, "EF": 0.0032854963931697586, "FF": 0.0011778930546781099, "GF": 0.00028816215493719573, "HF": 0.0002253219306496007, "IF": 0.0016384685606204655, "JF": 7.22301428593046e-08, "KF": 0.00010343356457452419, "LF": 0.0008150088169529635, "MF": 0.00016421522979062902, "NF": 0.0009483095455998102, "OF": 0.008489244805325499, "PF": 5.1391746644395226e-05, "QF": 0.0, "RF": 0.0007856833789520858, "SF": 0.0011005345716757946, "TF": 0.0008292020400248168, "UF": 0.0002104064061491543, "VF": 4.6949592858547993e-07, "WF": 9.844968471723218e-05, "XF": 0.0003644010707251917, "YF": 0.0006079249973753372, "ZF": 1.1195672143192214e-06, "AG": 0.0018848094628421239, "BG": 2.239134428638443e-06, "CG": 1.2170779071792825e-05, "DG": 0.0006472543101622286, "EG": 0.0017715164837673048, "FG": 0.00017992528586252776, "GG": 0.0003389038302958572, "HG": 0.00010617831000317776, "IG": 0.0021978549019943503, "JG": 0.0, "KG": 2.7700259786543313e-05, "LG": 0.00017096874814797399, "MG": 6.204569271614266e-05, "NG": 0.008173021239887465, "OG": 0.0007042438928782198, "PG": 4.93693026443347e-05, "QG": 0.0, "RG": 0.0012000315934644866, "SG": 0.00045219680937067647, "TG": 0.0006262353385901709, "UG": 0.0013692307031124076, "VG": 1.5529480714750489e-06, "WG": 3.315363557242081e-05, "XG": 0.00021387345300640092, "YG": 0.00024662982279309554, "ZG": 6.139562143040891e-07, "AH": 0.00041980159029827833, "BH": 1.4698834071868486e-05, "CH": 0.004410083602417702, "DH": 0.0017623071405527433, "EH": 0.002499596323789095, "FH": 0.0006057942081609877, "GH": 0.002958402191231398, "HH": 0.0004990380570149355, "IH": 0.0003719852357254187, "JH": 3.61150714296523e-07, "KH": 0.00017100486321940364, "LH": 0.00031131191572360284, "MH": 0.00022069920150660522, "NH": 0.001217655748322157, "OH": 0.0009683172951718375, "PH": 0.0005502131132307528, "QH": 7.22301428593046e-08, "RH": 0.0009463593317426089, "SH": 0.00457433494727976, "TH": 0.0316094995783746, "UH": 0.00014962474093304948, "VH": 1.5168330000453966e-06, "WH": 0.004044888000121058, "XH": 0.0009241485628133727, "YH": 0.0007203150996644152, "ZH": 2.997550928661141e-06, "AI": 0.0032651636079548646, "BI": 0.0006821775842347023, "CI": 0.0013405553363972638, "DI": 0.004939277744076397, "EI": 0.0036382322958231727, "FI": 0.002274924464425228, "GI": 0.001447311487543316, "HI": 0.008379996714250802, "II": 0.00017934744471965333, "JI": 2.5172204786467652e-05, "KI": 0.001131232382390999, "LI": 0.004913238777575618, "MI": 0.002464384129145184, "NI": 0.003283510064241128, "OI": 0.0010521764910314901, "PI": 0.0011350966950339717, "QI": 1.444602857186092e-07, "RI": 0.005670932976169723, "SI": 0.004909627270432653, "TI": 0.00817446584274465, "UI": 0.0008028741529526003, "VI": 0.0015749060349042777, "WI": 0.003941346090332244, "XI": 0.0017971581844823579, "YI": 0.0010046490570300678, "ZI": 7.436093207365408e-05, "AJ": 9.357415007422911e-05, "BJ": 9.566882421714895e-05, "CJ": 1.5529480714750489e-06, "DJ": 0.00013730950157553806, "EJ": 0.00021499302022072014, "FJ": 5.211404807298827e-05, "GJ": 1.9393793357723286e-05, "HJ": 2.5172204786467652e-05, "IJ": 1.2495814714659697e-05, "JJ": 4.6949592858547993e-07, "KJ": 5.9589867858926294e-06, "LJ": 2.2463574429243733e-05, "MJ": 1.3073655857534133e-05, "NJ": 0.00012351354428941086, "OJ": 0.00037606623879696944, "PJ": 3.2142413572390548e-06, "QJ": 0.0, "RJ": 6.255130371615779e-05, "SJ": 9.285184864563606e-05, "TJ": 6.789633428774633e-05, "UJ": 1.2568044857519001e-05, "VJ": 1.444602857186092e-07, "WJ": 9.42603364313925e-06, "XJ": 9.436868164568146e-05, "YJ": 5.511159900164941e-05, "ZJ": 2.889205714372184e-07, "AK": 0.0011907139050356364, "BK": 1.3723727143267875e-06, "CK": 0.001392055428255948, "DK": 0.00011556822857488736, "EK": 0.00045544716579934516, "FK": 2.9108747572299755e-05, "GK": 1.6107321857624926e-05, "HK": 2.1560697643502423e-05, "IK": 0.0005267744318729085, "JK": 0.0, "KK": 7.439704714508374e-06, "LK": 0.0003099756580807057, "MK": 1.1412362571770127e-05, "NK": 0.0006631810566627052, "OK": 0.0010431838382455067, "PK": 7.22301428593046e-06, "QK": 3.61150714296523e-08, "RK": 0.0010328188127451965, "SK": 0.00047354081658560095, "TK": 0.00013247008200396464,